,deltah,Sh,H0
0,0.02069003862559502,14.30781138800012,42.71556115079984
