,deltah,Sh,H0
0,0.011489947542963175,5.57868619478379e-11,321.5755820381672
