,deltah,Sh,H0
0,0.01056500818441692,13.378440561758785,62.32954922965128
