,deltah,Sh,H0
0,2.7155610532074373e-05,6.237660488354813,376.49357098404863
