,k1,k2,dp,D0,N0
0,1.0927835129753547e-06,0.7128742834237971,0.29811687198439796,1605.6849234022607,736901.9608068748
