,deltah,Sh,H0
0,0.17633860852001534,670.3614258302357,41.50818175821553
