,k1,k2,kdam,phi,Sh,kdams,phis,P0,N0,H0,D0
0,2e-06,0.6,0.0024869969378751022,2.691853436612931e-17,0.002245194782044283,1.6198022837116638e-05,5.472027829194401e-07,1480724.3265699341,20000000.0,324.9715990423448,61989.029915088286
