,k1,k2,kdam,phi,Sh,kdams,phis,P0,N0,H0,D0
0,2e-06,0.6,0.010927225008337893,1.2457419853231435e-16,0.0016653524114704317,0.039253355417612025,3.6388535816749985e-06,1394485.105876459,20000000.0,294.9344807196712,2583014.5608760607
