,k1,k2,kdam,phi,Sh,kdams,phis,P0,N0,H0,D0
0,2e-06,0.6,0.004337795390383274,2.0716249941145212e-16,0.005979986975542881,0.0021692868342902804,2.123297142650763e-07,1589116.2242588743,20000000.0,311.5427353159327,52866.1386885494
