,k1,k2,kdam,phi,Sh,kdams,phis,P0,N0,H0,D0
0,2e-06,0.6,0.0023601750777564015,6.812945885909817e-17,0.0026303242819684146,1.1442922186513044e-05,8.153333222470546e-07,1452058.534762251,20000000.0,352.2139067822291,48618.12440903817
