,k1,k2,kdam,phi,Sh,kdams,phis,P0,N0,H0,D0
0,2e-06,0.6,0.0025028008284103584,3.845681976123607e-18,0.001788706128554259,4.6847526543478053e-07,4.508968638177736e-07,1575733.089257014,20000000.0,339.9429570012701,93754.79082693307
