,k1,k2,dp,D0,N0
0,1.1430236339254517e-06,0.7905441549127573,0.23014928278524574,1719.9120774733285,656463.8168678997
