,k1,k2,dp,D0,N0
0,3.921627732436114e-06,2.6571534870760347,0.3403358804055196,1818.923465463266,540775.2218114927
