,k1,k2,dp,D0,N0
0,1.556092729912996e-06,0.9508115007436347,0.140112065203061,1714.301227830422,555730.6779244633
