,deltah,Sh,H0
0,0.006748728542249233,4.081172090525537e-09,1519.2234912999036
