,k1,k2,dp,D0,N0
0,1.2898747814754782e-06,0.8375123759582423,0.09955919001008436,1245.9320035333744,564748.0522708967
