,deltah,Sh,H0
0,0.082645335555983,4.752847842473532,1.2765306586316507
