,k1,k2,dp,D0,N0
0,9.612745416270327e-07,1.1373811579777056,0.20795056843855977,2360.658810066876,807805.6658957461
