,k1,k2,dp,D0,N0
0,7.801133032400924e-07,2.003509239827757,0.07517963969071341,2355.4557390623177,610861.5845286545
