,k1,k2,dp,D0,N0
0,1.90E-06,1.450901556,0.05,1163.939923,332163.8827