,k1,k2,dp,D0,N0
0,1.5255719047410634e-06,1.0476478594021046,0.1721100132489216,1550.4888939212658,647737.3695714425
