,k1,k2,dp,D0,N0
0,4.39415766564368e-06,2.437631065386843,0.25867990179028677,1028.621155756259,544078.7323924282
