,k1,k2,dp,D0,N0
0,6.854865193398296e-07,0.9618455222562176,0.12492399914086709,2934.6601550429646,580184.0702000291
