,k1,k2,dp,D0,N0
0,4.41332054152631e-06,2.950735425247115,0.01918736827895027,1900.4367769412554,339130.9430410164
