,deltah,Sh,H0
0,0.00022714600707175015,0.6873703608518344,0.0001959972535056676
