,deltah,Sh,H0
0,0.0012829336741760034,9.722009707505853e-10,1361.844981357413
