,k1,k2,kdam,phi,Sh,P0,N0,H0
0,2e-06,0.6,0.004647635389973076,1.0805158035653717e-15,0.06876981737096449,807426.5879126798,20000000.0,313.7593428821063
