,k1,k2,kdam,phi,Sh,P0,N0,H0
0,2e-06,0.6,0.005190709248369599,1.123856898494567e-18,0.0028777909131616907,516335.3365109447,20000000.0,374.308535049306
