,k1,k2,kdam,phi,Sh,S0,N0,H0
0,2e-05,0.6,0.0006561837272086557,1.607440851866823e-06,81850244265.74554,31586.439373521025,20000000.0,415.5719705574748
