,k1,k2,kdam,phi,Sh,S0,N0,H0
0,2e-05,0.6,0.0013353519915345552,1.879909439256329e-06,5590096696161607.0,78706.7174702688,20000000.0,395.82980914212453
