,k1,k2,kdam,phi,Sh,S0,N0,H0
0,2e-05,0.6,0.0016912068000739945,1.6357237852506481e-06,460207898638.6911,90484.55882472532,20000000.0,299.6894338920484
