,deltah,Sh,H0
0,0.3069322510699055,37.67876682285975,27.272812973624706
